<?xml version="1.0" encoding="UTF-8"?>
<beans xmlns:xsi="http://www.w3.org/2001/XMLSchema-instance"
       xmlns="http://www.springframework.org/schema/beans"
       xsi:schemaLocation="http://www.springframework.org/schema/beans
        http://www.springframework.org/schema/beans/spring-beans.xsd">

    <!-- 1. 数据源 : DriverManagerDataSource -->
    <bean id="dataSource" class="org.springframework.jdbc.datasource.DriverManagerDataSource">
        <property name="driverClassName" value="com.mysql.cj.jdbc.Driver"/>
        <property name="url"
                  value="jdbc:mysql://localhost:3306/work_game?useUnicode=true&amp;characterEncoding=utf8&amp;useSSL=false&amp;serverTimezone=UTC"/>
        <property name="username" value="root"/>
        <property name="password" value="123456"/>
    </bean>

    <!-- 2. 配置和MyBatis的整合 -->
    <bean id="sqlSessionFactory" class="org.mybatis.spring.SqlSessionFactoryBean">
        <property name="dataSource" ref="dataSource"/>
    </bean>
    <!-- 配置一个可以执行批量的sqlSession -->
    <bean id="sqlSession" class="org.mybatis.spring.SqlSessionTemplate">
        <constructor-arg name="sqlSessionFactory" ref="sqlSessionFactory"/>
        <constructor-arg name="executorType" value="BATCH"/>
    </bean>
    <!-- 3. mybatis自动扫描加载Sql映射文件 : MapperScannerConfigurer -->
    <bean class="org.mybatis.spring.mapper.MapperScannerConfigurer">
        <property name="sqlSessionFactoryBeanName" value="sqlSessionFactory"/>
        <property name="basePackage" value="com.ssm.mapper"/>
    </bean>


</beans>